Workbook
Name _: #REF!
Name _: #REF!
Name _\a: #N/A
Name _____年度技能目標: #REF!
Name _____年度技能目標: #REF!
Name _____年度技能目標_4: #REF!
Name _____年度技能目標_4: #REF!
Name _____年度技能目標_5: #REF!
Name _____年度技能目標_5: #REF!
Name _____年度技能目標_6: #REF!
Name _____年度技能目標_6: #REF!
Name ____1: #REF!
Name ____2: #REF!
Name ____3: #REF!
Name ___1: #REF!
Name ___2: #REF!
Name ___3: #REF!
Name ___年__度__工__作__目__標: #REF!
Name ___年__度__工__作__目__標: #REF!
Name ___年__度__工__作__目__標_4: #REF!
Name ___年__度__工__作__目__標_4: #REF!
Name ___年__度__工__作__目__標_5: #REF!
Name ___年__度__工__作__目__標_5: #REF!
Name ___年__度__工__作__目__標_6: #REF!
Name ___年__度__工__作__目__標_6: #REF!
Name __1: #REF!
Name __1: #REF!
Name __2: #REF!
Name __2: #REF!
Name __3: #REF!
Name __3: #REF!
Name __a1: #REF!
Name __A11: #REF!
Name __AJQ4: #REF!
Name __APQ4: #REF!
Name __d._Tiptop__庫存數量表Ⅰ__0__aimr407_P: #REF!
Name __DP_holiday_1: #REF!
Name __DP_holiday_4_1: #REF!
Name __DP_holiday_5_1: #REF!
Name __FPM1: [4]非機種!#REF!
Name __WWQ2: #REF!
Name __WWQ4: #REF!
Name _1: #N/A
Name _12_1_ECN_ECR表單: #REF!
Name _12_1_ECN_ECR表單: #REF!
Name _12_1_ECN_ECR表單_4: #REF!
Name _12_1_ECN_ECR表單_4: #REF!
Name _12_1_ECN_ECR表單_5: #REF!
Name _12_1_ECN_ECR表單_5: #REF!
Name _12_1_ECN_ECR表單_6: #REF!
Name _12_1_ECN_ECR表單_6: #REF!
Name _1a1_: #REF!
Name _1a1_: #REF!
Name _1ASIA: '[5]2003 prod2'!$M$2:$O$2
Name _1ASIA: '[5]2003 prod2'!$M$2:$O$2
Name _1ASIA_4: '[6]2003 prod2'!$M$2:$O$2
Name _1ASIA_5: '[6]2003 prod2'!$M$2:$O$2
Name _1ASIA_6: '[6]2003 prod2'!$M$2:$O$2
Name _1CHINA: '[5]2003 prod2'!$M$6:$O$6
Name _1CHINA: '[5]2003 prod2'!$M$6:$O$6

Sheet Change Item
B4: A650 Unleashed OQC Final Function Check SOP | E4: 文件編號 Doc. No.：
E5: PVNBU6VN1-Q06-S00076
E6: 版本 Revision： | F6: 1
B8: 版本 Rev. | C8: 變更章節/站別 Modified Chapters/Stations | D8: 變更事項 Modified Description
B9: 1 | C9: ALL | D9: 新版發行

Sheet 首頁(First Page)
B1: 標準作業指導書 Standard Operation Procedure
B3: 製程別 | C3: 機種系列 | D3: 機種名 | F3: 主件料號 | G3: 機種版本 | H3: 文件編號 | J3: 文件總版本 | K3: 站數 | L3: 擬案日期 | M3: 擬案 | N3: 審核 | O3: 會簽 | P3: 核准
B4: Process | C4: Model Serial | D4: Model Name | F4: P/N | G4: Model Rev. | H4: Doc. No. | J4: Rev. | K4: Station Q'ty | L4: Edit Date | M4: Issued by | N4: Reviewed by | O4: Countersign by | P4: Approved by
B5: OQC | C5: RUCKUS | D5: A650 | F5: ALL | G5: 1 | H5: ='Change Item'!E5 -> PVNBU6VN1-Q06-S00076 | J5: 1 | K5: 1 | L5: 45455 | M5: Andy_Nguyen | N5: Fei6_Zhou | O5: NA | P5: Maya_Lin
B7: 站別 Station No. | C7: OQC (1) | D7: OQC (2) | E7: OQC (3) | F7: OQC (4) | G7: OQC (5) | H7: OQC (6) | I7: OQC (7) | J7: OQC (8)
B8: 當站文件版本Current Station version | C8: 1 | D8: 1 | E8: 1 | F8: 1 | G8: 1 | H8: 1 | I8: 1 | J8: 1
B9: 站別 Station No.
B10: 當站文件版本Current Station version
P23: Form No.: PD3-00049-023 Rev.01

Sheet 當站頁面(Text Content)
A1: 標準作業指導書 Standard Operation Procedure
A2: 作業名稱 Operation Name: A650 Unleashed OQC Final Function Check | K2: 主件料號 P/N: ALL
A3: 製程別 | B3: 機種系列 | C3: 機種名 | D3: 機種版本 | E3: 站別／站數 | F3: 作業人數 | G3: 文件編號 | J3: 當站文件版本 | K3: 擬案日期 | M3: 擬案
A4: Process | B4: Model Serial | C4: Model Name | D4: Model Rev. | E4: Station No. | F4: Person | G4: Doc. No. | J4: Current Station Version | K4: Edit Date | M4: Issued by
A5: OQC | B5: Ruckus | C5: ='首頁(First Page)'!D5 -> A650 | D5: ='首頁(First Page)'!G5 -> 1 | E5: OQC (1) | F5: 1 | G5: ='首頁(First Page)'!H5 -> PVNBU6VN1-Q06-S00076 | J5: ='首頁(First Page)'!J5 -> 1 | K5: ='首頁(First Page)'!L5 -> 45455 | M5: ='首頁(First Page)'!M5 -> Andy_Nguyen
A6: 1.將待測機台插上DC電源，POE網線(2.5G)，和網線(1G)如（圖1-1），ping 192.168.0.1 -S 192.168.0.101(1G網口），ping 192.168.0.1 -S 192.168.0.201(2.5G網口）待機臺ping通後如（圖1-2），確認機台開機正常。 | G6: 2.用瀏覽器進入https://192.168.0.1，點擊"進階"出现如所示界面，點擊繼續前往192.168.0.1網站(不安全)，出现如（圖2-1）所示界面。等待裝置連接到 Unleashed Network（圖 2-2）。
A7: 1.Cắm máy được kiểm tra vào nguồn điện DC, cáp mạng POE (2.5G) và cáp mạng (1G) như trong (Hình 1-1), ping 192.168.0.1 -S 192.168.0.101 (cổng mạng 1G), ping 192.168.0.1 - S 192.168.0.201 (Cổng mạng 2.5G) Trạm chờ ping như minh họa trong (Hình 1-2), xác nhận rằng máy đã được bật nguồn bình thường. | G7: 2.Sử dụng trình duyệt để vào https://192.168.0.1, nhấp vào "Nâng cao" và giao diện hiển thị trong sẽ xuất hiện. Nhấp để tiếp tục đến trang web 192.168.0.1 (không an toàn) và giao diện hiển thị trong ( Hình 2-1) sẽ xuất hiện giao diện hiển thị. Đợi máy kết nối với Unleashed Network (Hình 2-2).
D13: 圖1-1 | K13: 圖2-1
F20: 圖1-2 | K20: 圖2-2
A21: 料號 Tool Part No. | C21: 工具品名 Tool Name | E21: 設定值 Sepcification | F21: 位置 Location | G21: 作業防護 Protectaon Guid | K21: ※發文鮮章加蓋處※ Fresh seal on the document 未加蓋鮮章為無效檔 The document without fresh seal is invalid
G22: ※: (1).登入工作站時，不可佩帶手錶、手鍊等任何飾品於手上， 以防碰撞刮傷機台。 When logging in the workstation, do not wear any accessories on the hand watch bracelet, in order to prevent collision and scratch the machine. (2).請不要按“Power”鍵強制關機。 Please do not press the “Power” key to force the shutdown.
G23: 佩戴靜電環 Wearing electrostatic ring | H23: 使用靜電手套 Use electrostatic gloves | I23: 使用針織手套 Use knitted gloves | J23: 手套可剪? Can gloves be cut?
N25: Form No.: PD3-00049-023 Rev.01 (page1)

Sheet 當站頁面(Text Content) (2)
A1: 標準作業指導書 Standard Operation Procedure
A2: 作業名稱 Operation Name: A650 Unleashed OQC Final Function Check | K2: 主件料號 P/N: ALL
A3: 製程別 | B3: 機種系列 | C3: 機種名 | D3: 機種版本 | E3: 站別／站數 | F3: 作業人數 | G3: 文件編號 | J3: 當站文件版本 | K3: 擬案日期 | M3: 擬案
A4: Process | B4: Model Serial | C4: Model Name | D4: Model Rev. | E4: Station No. | F4: Person | G4: Doc. No. | J4: Current Station Version | K4: Edit Date | M4: Issued by
A5: OQC | B5: Ruckus | C5: ='首頁(First Page)'!D5 -> A650 | D5: ='首頁(First Page)'!G5 -> 1 | E5: OQC (2) | F5: 1 | G5: ='首頁(First Page)'!H5 -> PVNBU6VN1-Q06-S00076 | J5: ='首頁(First Page)'!J5 -> 1 | K5: ='首頁(First Page)'!L5 -> 45455 | M5: ='首頁(First Page)'!M5 -> Andy_Nguyen
A6: 3.出現如（圖3-1）所示界面，Passphrase&Password輸入12345678，點擊Finish，跳出提示視窗點選"Yes"（圖3-2） | G6: 4.待進度跑完後點擊"Finish"（圖4-2），接續登入帳號admin;密碼12345678，點擊"Unleash"登入（圖4-3）。
A7: 3.Giao diện như (Hình 3-1) hiện ra, bạn nhập 12345678 vào Passphrase&Password, nhấn Finish, cửa sổ nhắc hiện ra nhấn "Yes" (Hình 3-2) | G7: Sau khi quá trình hoàn tất, nhấp vào "Finish" (Hình 4-2), tiếp tục đăng nhập bằng tài khoản "admin"; mật khẩu là 12345678 và nhấp vào "Unleash" để đăng nhập (Hình 4-3).
H13: 圖4-1
E14: 圖3-1 | K14: 圖4-2
D20: 圖3-2 | J20: 圖4-3
A21: 料號 Tool Part No. | C21: 工具品名 Tool Name | E21: 設定值 Sepcification | F21: 位置 Location | G21: 作業防護 Protectaon Guid | K21: ※發文鮮章加蓋處※ Fresh seal on the document 未加蓋鮮章為無效檔 The document without fresh seal is invalid
G22: ※: (1).登入工作站時，不可佩帶手錶、手鍊等任何飾品於手上， 以防碰撞刮傷機台。 When logging in the workstation, do not wear any accessories on the hand watch bracelet, in order to prevent collision and scratch the machine. (2).請不要按“Power”鍵強制關機。 Please do not press the “Power” key to force the shutdown.
G23: 佩戴靜電環 Wearing electrostatic ring | H23: 使用靜電手套 Use electrostatic gloves | I23: 使用針織手套 Use knitted gloves | J23: 手套可剪? Can gloves be cut?
N25: Form No.: PD3-00049-023 Rev.01 (page1)

Sheet 當站頁面(Text Content) (3)
A1: 標準作業指導書 Standard Operation Procedure
A2: 作業名稱 Operation Name: A650 Unleashed OQC Final Function Check | K2: 主件料號 P/N: ALL
A3: 製程別 | B3: 機種系列 | C3: 機種名 | D3: 機種版本 | E3: 站別／站數 | F3: 作業人數 | G3: 文件編號 | J3: 當站文件版本 | K3: 擬案日期 | M3: 擬案
A4: Process | B4: Model Serial | C4: Model Name | D4: Model Rev. | E4: Station No. | F4: Person | G4: Doc. No. | J4: Current Station Version | K4: Edit Date | M4: Issued by
A5: OQC | B5: Ruckus | C5: ='首頁(First Page)'!D5 -> A650 | D5: ='首頁(First Page)'!G5 -> 1 | E5: OQC (3) | F5: 1 | G5: ='首頁(First Page)'!H5 -> PVNBU6VN1-Q06-S00076 | J5: ='首頁(First Page)'!J5 -> 1 | K5: ='首頁(First Page)'!L5 -> 45455 | M5: ='首頁(First Page)'!M5 -> Andy_Nguyen
A6: 5.登入後進入(圖5-1)介面，點選"Admin&Servuces"至Syste Info檢查Name.System Version(圖5-2)是否正確。按一下“管理”，然後按一下“升級”以檢查 MAC（圖 5-3）。 | G6: 6.確認Name, System Version, MAC後，將網頁視窗縮小，開啟Putty點選192.168.0.1後點擊"Open" ，依序將指令(圖6-2)Key in Putty(圖6-3)。
A7: 5.Sau khi đăng nhập, vào giao diện (Hình 5-1), nhấp vào "Admin&Servuces" để vào System Info và kiểm tra xem Name, System Version (Hình 5-2) có đúng không. Nhấp vào Administration sau đó vào "Upgrade" để kiểm tra MAC (Hình 5-3). | G7: 6.Sau khi xác nhận Tên, Phiên bản hệ thống, MAC hãy thu nhỏ cửa sổ trang web, mở PuTTY, nhấp vào 192.168.0.1 và nhấp vào "Mở", sau đó nhập lệnh (Hình 6-2) Nhập vào PuTTY (Hình 6-3).
I13: 圖6-1 | L13: 圖6-2
B15: 圖5-1 | E15: 圖5-2
E20: 圖5-3 | K20: 圖6-3
A21: 料號 Tool Part No. | C21: 工具品名 Tool Name | E21: 設定值 Sepcification | F21: 位置 Location | G21: 作業防護 Protectaon Guid | K21: ※發文鮮章加蓋處※ Fresh seal on the document 未加蓋鮮章為無效檔 The document without fresh seal is invalid
G22: ※: (1).登入工作站時，不可佩帶手錶、手鍊等任何飾品於手上， 以防碰撞刮傷機台。 When logging in the workstation, do not wear any accessories on the hand watch bracelet, in order to prevent collision and scratch the machine. (2).請不要按“Power”鍵強制關機。 Please do not press the “Power” key to force the shutdown.
G23: 佩戴靜電環 Wearing electrostatic ring | H23: 使用靜電手套 Use electrostatic gloves | I23: 使用針織手套 Use knitted gloves | J23: 手套可剪? Can gloves be cut?
N25: Form No.: PD3-00049-023 Rev.01 (page1)

Sheet 當站頁面(Text Content) (4)
A1: 標準作業指導書 Standard Operation Procedure
A2: 作業名稱 Operation Name: A650 Unleashed OQC Final Function Check | K2: 主件料號 P/N: ALL
A3: 製程別 | B3: 機種系列 | C3: 機種名 | D3: 機種版本 | E3: 站別／站數 | F3: 作業人數 | G3: 文件編號 | J3: 當站文件版本 | K3: 擬案日期 | M3: 擬案
A4: Process | B4: Model Serial | C4: Model Name | D4: Model Rev. | E4: Station No. | F4: Person | G4: Doc. No. | J4: Current Station Version | K4: Edit Date | M4: Issued by
A5: OQC | B5: Ruckus | C5: ='首頁(First Page)'!D5 -> A650 | D5: ='首頁(First Page)'!G5 -> 1 | E5: OQC (4) | F5: 1 | G5: ='首頁(First Page)'!H5 -> PVNBU6VN1-Q06-S00076 | J5: ='首頁(First Page)'!J5 -> 1 | K5: ='首頁(First Page)'!L5 -> 45455 | M5: ='首頁(First Page)'!M5 -> Andy_Nguyen
A6: 7.依序輸入指令(圖6-3)，Login as:ENTER→Please login:admin→Password:12345678→enable→ap-mode→get boarddata。Input commands in sequence(Figure 7-1).確認SN、MAC內容是否與Product lable、GB lable資訊一致。Major、Minor版本依據ECO定義。(圖7-3) | G6: 8..仍在上一步驟接收 Antenna Info 資訊之前的表格中（圖 8） 8.Vẫn tại bảng ở bước trước xác nhận thông tin Antenna Info (hình 8)
A7: 7.Nhập các lệnh theo thứ tự (Hình 6-3), Đăng nhập bằng: ENTER → Vui lòng đăng nhập: admin → Mật khẩu: 12345678 →enable → ap-mode → get boarddata. Nhập các lệnh theo trình tự (Hình 7-1). Xác nhận xem nội dung SN và MAC có nhất quán với thông tin Product lable và GB label hay không. Phiên bản Major và Minor được xác định theo ECO. (Hình 7-3)
L9: 圖8
G10: 9.輸入指令fw show all，比對Image1(圖9-1)、Image2(圖9-2)的version是否與當前版本一致
G11: 9. Nhập lệnh "fw show all" để so sánh xem các phiên bản của Image1 (Hình 9-1) và Image2 (Hình 9-2) có phù hợp với phiên bản hiện tại hay không.
E13: 圖7-1
N19: 圖9-2
C20: 圖7-2 | F20: 圖7-3 | I20: 圖9-1
A21: 料號 Tool Part No. | C21: 工具品名 Tool Name | E21: 設定值 Sepcification | F21: 位置 Location | G21: 作業防護 Protectaon Guid | K21: ※發文鮮章加蓋處※ Fresh seal on the document 未加蓋鮮章為無效檔 The document without fresh seal is invalid
G22: ※: (1).登入工作站時，不可佩帶手錶、手鍊等任何飾品於手上， 以防碰撞刮傷機台。 When logging in the workstation, do not wear any accessories on the hand watch bracelet, in order to prevent collision and scratch the machine. (2).請不要按“Power”鍵強制關機。 Please do not press the “Power” key to force the shutdown.
G23: 佩戴靜電環 Wearing electrostatic ring | H23: 使用靜電手套 Use electrostatic gloves | I23: 使用針織手套 Use knitted gloves | J23: 手套可剪? Can gloves be cut?
N25: Form No.: PD3-00049-023 Rev.01 (page1)

Sheet 當站頁面(Text Content) (5)
A1: 標準作業指導書 Standard Operation Procedure
A2: 作業名稱 Operation Name: A650 Unleashed OQC Final Function Check | K2: 主件料號 P/N: ALL
A3: 製程別 | B3: 機種系列 | C3: 機種名 | D3: 機種版本 | E3: 站別／站數 | F3: 作業人數 | G3: 文件編號 | J3: 當站文件版本 | K3: 擬案日期 | M3: 擬案
A4: Process | B4: Model Serial | C4: Model Name | D4: Model Rev. | E4: Station No. | F4: Person | G4: Doc. No. | J4: Current Station Version | K4: Edit Date | M4: Issued by
A5: OQC | B5: Ruckus | C5: ='首頁(First Page)'!D5 -> A650 | D5: ='首頁(First Page)'!G5 -> 1 | E5: OQC (5) | F5: 1 | G5: ='首頁(First Page)'!H5 -> PVNBU6VN1-Q06-S00076 | J5: ='首頁(First Page)'!J5 -> 1 | K5: ='首頁(First Page)'!L5 -> 45455 | M5: ='首頁(First Page)'!M5 -> Andy_Nguyen
A6: 10.輸入指令set state wlan0 up與set state wlan0 down確認2.4G、5G指示燈亮起&關閉。 10. Nhập lệnh 'set state wlan0 up' và 'set state wlan0 down' để xác nhận rằng đèn báo 2.4G và 5G đang bật & tắt. | F6: 11.輸入指令 get tpm status (圖 11-1) 11. Nhập lệnh 'get tpm status' (Hình 11-1), kiểm tra trạng thái của chip TPM là không có.
J13: 圖11-2
F14: 12.輸入指令set factory(圖12-1) Nhập lệnh set factory (Hình 12-1)
J20: 圖11-3
A21: 料號 Tool Part No. | C21: 工具品名 Tool Name | E21: 設定值 Sepcification | F21: 位置 Location | G21: 作業防護 Protectaon Guid | K21: ※發文鮮章加蓋處※ Fresh seal on the document 未加蓋鮮章為無效檔 The document without fresh seal is invalid
G22: ※: (1).登入工作站時，不可佩帶手錶、手鍊等任何飾品於手上， 以防碰撞刮傷機台。 When logging in the workstation, do not wear any accessories on the hand watch bracelet, in order to prevent collision and scratch the machine. (2).請不要按“Power”鍵強制關機。 Please do not press the “Power” key to force the shutdown.
G23: 佩戴靜電環 Wearing electrostatic ring | H23: 使用靜電手套 Use electrostatic gloves | I23: 使用針織手套 Use knitted gloves | J23: 手套可剪? Can gloves be cut?
N25: Form No.: PD3-00049-023 Rev.01 (page1)

Sheet 當站頁面(Text Content) (6)
A1: 標準作業指導書 Standard Operation Procedure
A2: 作業名稱 Operation Name: A650 Unleashed OQC Final Function Check | K2: 主件料號 P/N: ALL
A3: 製程別 | B3: 機種系列 | C3: 機種名 | D3: 機種版本 | E3: 站別／站數 | F3: 作業人數 | G3: 文件編號 | J3: 當站文件版本 | K3: 擬案日期 | M3: 擬案
A4: Process | B4: Model Serial | C4: Model Name | D4: Model Rev. | E4: Station No. | F4: Person | G4: Doc. No. | J4: Current Station Version | K4: Edit Date | M4: Issued by
A5: OQC | B5: Ruckus | C5: ='首頁(First Page)'!D5 -> A650 | D5: ='首頁(First Page)'!G5 -> 1 | E5: OQC (6) | F5: 1 | G5: ='首頁(First Page)'!H5 -> PVNBU6VN1-Q06-S00076 | J5: ='首頁(First Page)'!J5 -> 1 | K5: ='首頁(First Page)'!L5 -> 45455 | M5: ='首頁(First Page)'!M5 -> Andy_Nguyen
A6: 12.輸入指令reboot(圖11-2)，確認OK關閉putty視窗(圖11-3). | F6: 13.按下DUT的Reset button約3秒，待PWR燈轉為紅燈閃爍後放開按鍵，等待燈號轉為綠燈即為完成重置。(圖12-1~12-3)
A7: 12. Nhập lệnh reboot (Hình 12-1) và xác nhận OK để đóng cửa sổ PuTTY (Hình 12-2). | F7: 13. Nhấn nút Đặt lại của DUT trong khoảng 3 giây. Nhả nút sau khi đèn PWR chuyển sang màu đỏ và nhấp nháy. (Hình 12-1~12-3)
D11: 圖12-1
G14: 圖13-1 | J14: 圖13-2
E20: 圖12-2 | H20: 圖13-3
A21: 料號 Tool Part No. | C21: 工具品名 Tool Name | E21: 設定值 Sepcification | F21: 位置 Location | G21: 作業防護 Protectaon Guid | K21: ※發文鮮章加蓋處※ Fresh seal on the document 未加蓋鮮章為無效檔 The document without fresh seal is invalid
G22: ※: (1).登入工作站時，不可佩帶手錶、手鍊等任何飾品於手上， 以防碰撞刮傷機台。 When logging in the workstation, do not wear any accessories on the hand watch bracelet, in order to prevent collision and scratch the machine. (2).請不要按“Power”鍵強制關機。 Please do not press the “Power” key to force the shutdown.
G23: 佩戴靜電環 Wearing electrostatic ring | H23: 使用靜電手套 Use electrostatic gloves | I23: 使用針織手套 Use knitted gloves | J23: 手套可剪? Can gloves be cut?
N25: Form No.: PD3-00049-023 Rev.01 (page1)

Sheet 當站頁面(Text Content) (7)
A1: 標準作業指導書 Standard Operation Procedure
A2: 作業名稱 Operation Name: A650 Unleashed OQC Final Function Check | K2: 主件料號 P/N: ALL
A3: 製程別 | B3: 機種系列 | C3: 機種名 | D3: 機種版本 | E3: 站別／站數 | F3: 作業人數 | G3: 文件編號 | J3: 當站文件版本 | K3: 擬案日期 | M3: 擬案
A4: Process | B4: Model Serial | C4: Model Name | D4: Model Rev. | E4: Station No. | F4: Person | G4: Doc. No. | J4: Current Station Version | K4: Edit Date | M4: Issued by
A5: OQC | B5: Ruckus | C5: ='首頁(First Page)'!D5 -> A650 | D5: ='首頁(First Page)'!G5 -> 1 | E5: OQC (7) | F5: 1 | G5: ='首頁(First Page)'!H5 -> PVNBU6VN1-Q06-S00076 | J5: ='首頁(First Page)'!J5 -> 1 | K5: ='首頁(First Page)'!L5 -> 45455 | M5: ='首頁(First Page)'!M5 -> Andy_Nguyen
A6: 13.重新Ping通網後打開網頁(圖15-1)，點選"進階"→繼續前往192.168.0.1網站(不安全)(圖15-2)。 | G6: 14.確認成功進入終端使用者介面，並確認FW版本是否與當前版本一致。完成後關閉視窗，將機台線路移除按原擺放放式放置回禮盒內。(圖15-1)
A7: 13. Sau khi ping mạng lại (hình 15-1), hãy mở trang web và nhấp vào "Nâng cao" → tiếp tục đến trang web 192.168.0.1 (không an toàn)(hình 15-2). | G7: 14。Xác nhận rằng bạn đã nhập thành công giao diện người dùng thiết bị đầu cuối và xác nhận xem phiên bản FW có phù hợp với phiên bản hiện tại hay không. Sau khi hoàn thành, đóng cửa sổ lại, tháo mạch máy ra và đặt lại vào hộp quà ở vị trí ban đầu. (Hình 15-1)
E12: 圖15-1
M17: 圖21-4
F19: 圖15-2
A21: 料號 Tool Part No. | C21: 工具品名 Tool Name | E21: 設定值 Sepcification | F21: 位置 Location | G21: 作業防護 Protectaon Guid | K21: ※發文鮮章加蓋處※ Fresh seal on the document 未加蓋鮮章為無效檔 The document without fresh seal is invalid
G22: ※: (1).登入工作站時，不可佩帶手錶、手鍊等任何飾品於手上， 以防碰撞刮傷機台。 When logging in the workstation, do not wear any accessories on the hand watch bracelet, in order to prevent collision and scratch the machine. (2).請不要按“Power”鍵強制關機。 Please do not press the “Power” key to force the shutdown.
G23: 佩戴靜電環 Wearing electrostatic ring | H23: 使用靜電手套 Use electrostatic gloves | I23: 使用針織手套 Use knitted gloves | J23: 手套可剪? Can gloves be cut?
N25: Form No.: PD3-00049-023 Rev.01 (page1)

Sheet 當站頁面(Text Content) (8)
A1: 標準作業指導書 Standard Operation Procedure
A2: 作業名稱 Operation Name: A650 Unleashed OQC Final Function Check | K2: 主件料號 P/N: ALL
A3: 製程別 | B3: 機種系列 | C3: 機種名 | D3: 機種版本 | E3: 站別／站數 | F3: 作業人數 | G3: 文件編號 | J3: 當站文件版本 | K3: 擬案日期 | M3: 擬案
A4: Process | B4: Model Serial | C4: Model Name | D4: Model Rev. | E4: Station No. | F4: Person | G4: Doc. No. | J4: Current Station Version | K4: Edit Date | M4: Issued by
A5: OQC | B5: Ruckus | C5: ='首頁(First Page)'!D5 -> A650 | D5: ='首頁(First Page)'!G5 -> 1 | E5: OQC (8) | F5: 1 | G5: ='首頁(First Page)'!H5 -> PVNBU6VN1-Q06-S00076 | J5: ='首頁(First Page)'!J5 -> 1 | K5: ='首頁(First Page)'!L5 -> 45455 | M5: ='首頁(First Page)'!M5 -> Andy_Nguyen
A6: *注意事項： 1. 測試程式版本及主件料號參照最新 FW對照表，測試程式版本及主件料號變更，不再重發SOP。 2. 若遇不良品，放置不良品区，待分组长或组长处理。 3. 生產測試前請佩戴好靜電手套及靜電手環。
A9: *Các biện pháp phòng ngừa: 1. Phiên bản chương trình thử nghiệm và số vật liệu bộ phận chính tham khảo bảng so sánh FW mới nhất. Nếu phiên bản chương trình thử nghiệm và số vật liệu bộ phận chính thay đổi, SOP sẽ không được cấp lại. 2. Nếu gặp sản phẩm lỗi thì đặt vào khu vực sản phẩm lỗi để trưởng nhóm hoặc kỹ sư xử lý. 3. Vui lòng đeo găng tay tĩnh điện và vòng tay tĩnh điện trước khi thử nghiệm sản xuất.
A21: 料號 Tool Part No. | C21: 工具品名 Tool Name | E21: 設定值 Sepcification | F21: 位置 Location | G21: 作業防護 Protectaon Guid | K21: ※發文鮮章加蓋處※ Fresh seal on the document 未加蓋鮮章為無效檔 The document without fresh seal is invalid
G22: ※: (1).登入工作站時，不可佩帶手錶、手鍊等任何飾品於手上， 以防碰撞刮傷機台。 When logging in the workstation, do not wear any accessories on the hand watch bracelet, in order to prevent collision and scratch the machine. (2).請不要按“Power”鍵強制關機。 Please do not press the “Power” key to force the shutdown.
G23: 佩戴靜電環 Wearing electrostatic ring | H23: 使用靜電手套 Use electrostatic gloves | I23: 使用針織手套 Use knitted gloves | J23: 手套可剪? Can gloves be cut?
N25: Form No.: PD3-00049-023 Rev.01 (page1)
